"Zählstelle (Code)","Zählstelle Bezeichnung","Datum von","Datum bis","Art","Massnahme"
"VZS_ANDR_A","Andreasstrasse, Richtung Wallisellen",40444,40444.9895833333,"Installation","Werte entfernt"
"VZS_ANDR_A","Andreasstrasse, Richtung Wallisellen",40445,40526.9895833333,"Änderung Konfiguration","Werte entfernt"
"VZS_ANDR_E","Andreasstrasse, Richtung Oerlikon",40444,40444.9895833333,"Installation","Werte entfernt"
"VZS_ANDR_E","Andreasstrasse, Richtung Oerlikon",40445,40526.9895833333,"Änderung Konfiguration","Werte entfernt"
"VZS_BERT_A","Bertastrasse, Richtung Aussersihl",40385,40385.9895833333,"Installation","Werte entfernt"
"VZS_BERT_E","Bertastrasse, Richtung Wiedikon",40385,40385.9895833333,"Installation","Werte entfernt"
"VZS_BINZ_A","Binzmühlestrasse, Richtung Glaubtenstrasse",40512,40512.9895833333,"Installation","Werte entfernt"
"VZS_BINZ_A","Binzmühlestrasse, Richtung Glaubtenstrasse",40513,40527.9895833333,"Änderung Konfiguration","Werte entfernt"
"VZS_BINZ_A","Binzmühlestrasse, Richtung Glaubtenstrasse",41226,41227.9895833333,"Geräteausfall","Werte entfernt"
"VZS_BINZ_A","Binzmühlestrasse, Richtung Glaubtenstrasse",41767,41767.9895833333,"Zählung falsch","Werte entfernt"
"VZS_BINZ_E","Binzmühlestrasse, Richtung Oerlikon",40512,40512.9895833333,"Installation","Werte entfernt"
"VZS_BINZ_E","Binzmühlestrasse, Richtung Oerlikon",40513,40527.9895833333,"Änderung Konfiguration","Werte entfernt"
"VZS_BINZ_E","Binzmühlestrasse, Richtung Oerlikon",41226,41227.9895833333,"Geräteausfall","Werte entfernt"
"VZS_BINZ_E","Binzmühlestrasse, Richtung Oerlikon",41767,41767.9895833333,"Zählung falsch","Werte entfernt"
"VZS_BUCH_A","Bucheggplatz, Richtung Höngg",41815,41815.9895833333,"Zählstelle installiert, Tag unvollständig","Werte entfernt"
"VZS_BUCH_E","Bucheggplatz, Richtung Hofwiesenstrasse",41815,41815.9895833333,"Zählstelle installiert, Tag unvollständig","Werte entfernt"
"VZS_HOFW_A","Hofwiesenstrasse, Richtung Radiostudio",41815,41815.9895833333,"Richtung Radiostudio installiert","Werte entfernt"
"VZS_HOFW_E","Hofwiesenstrasse, Richtung Bucheggplatz",40444,40444.9895833333,"Installation","Werte entfernt"
"VZS_HOFW_E","Hofwiesenstrasse, Richtung Bucheggplatz",41146,41146.9895833333,"Geräteausfall","Werte entfernt"
"VZS_LIMM_A","Limmatquai, Richtung Bellevue",41815,41815.9895833333,"Zählstelle installiert, Tag unvollständig","Werte entfernt"
"VZS_LIMM_E","Limmatquai, Richtung Central",41815,41815.9895833333,"Zählstelle installiert, Tag unvollständig","Werte entfernt"
"VZS_LUXG_A","Lux-Guyer-Weg, Richtung Wipkingen",40148,40148.9895833333,"Installation","Werte entfernt"
"VZS_LUXG_A","Lux-Guyer-Weg, Richtung Wipkingen",40476,40476.9895833333,"Geräteausfall","Werte entfernt"
"VZS_LUXG_A","Lux-Guyer-Weg, Richtung Wipkingen",41334,41334.9895833333,"Testfahrten","Werte entfernt"
"VZS_LUXG_A","Lux-Guyer-Weg, Richtung Wipkingen",41360,41360.9895833333,"Testfahrten","Werte entfernt"
"VZS_LUXG_E","Lux-Guyer-Weg, Richtung Innenstadt",40148,40148.9895833333,"Installation","Werte entfernt"
"VZS_LUXG_E","Lux-Guyer-Weg, Richtung Innenstadt",40476,40476.9895833333,"Geräteausfall","Werte entfernt"
"VZS_LUXG_E","Lux-Guyer-Weg, Richtung Innenstadt",41334,41334.9895833333,"Testfahrten","Werte entfernt"
"VZS_LUXG_E","Lux-Guyer-Weg, Richtung Innenstadt",41360,41360.9895833333,"Testfahrten","Werte entfernt"
"VZS_MUEH_A","Mühlebachstrasse, Richtung Riesbach",40444,40444.9895833333,"Installation","Werte entfernt"
"VZS_MUEH_A","Mühlebachstrasse, Richtung Riesbach",41199,41206.9895833333,"Geräteausfall","Werte entfernt"
"VZS_MUEH_A","Mühlebachstrasse, Richtung Riesbach",41560,41568.9895833333,"Keine Daten","Werte entfernt"
"VZS_MUEH_E","Mühlebachstrasse, Richtung Bellevue",40444,40444.9895833333,"Installation","Werte entfernt"
"VZS_MUEH_E","Mühlebachstrasse, Richtung Bellevue",41199,41206.9895833333,"Geräteausfall","Werte entfernt"
"VZS_MUEH_E","Mühlebachstrasse, Richtung Bellevue",41560,41568.9895833333,"Keine Daten","Werte entfernt"
"VZS_MYTH_A","Mythenquai, Richtung Wollishofen",40373,40373.9895833333,"Installation","Werte entfernt"
"VZS_MYTH_A","Mythenquai, Richtung Wollishofen",40413,40443.9895833333,"Baustelleneinfluss","Werte entfernt"
"VZS_MYTH_A","Mythenquai, Richtung Wollishofen",40649,40650.9895833333,"Marathon","Werte entfernt"
"VZS_MYTH_A","Mythenquai, Richtung Wollishofen",40733,40734.9895833333,"Triathlon","Werte entfernt"
"VZS_MYTH_A","Mythenquai, Richtung Wollishofen",40752,40760.9895833333,"Geräteausfall","Werte entfernt"
"VZS_MYTH_A","Mythenquai, Richtung Wollishofen",41019,41022.9895833333,"Marathon","Werte entfernt"
"VZS_MYTH_A","Mythenquai, Richtung Wollishofen",41104,41105.9895833333,"Triathlon","Werte entfernt"
"VZS_MYTH_A","Mythenquai, Richtung Wollishofen",41369,41372.9895833333,"Marathon","Werte entfernt"
"VZS_MYTH_A","Mythenquai, Richtung Wollishofen",41460,41462.9895833333,"ZüriFäscht","Werte entfernt"
"VZS_MYTH_A","Mythenquai, Richtung Wollishofen",41734,41735.9895833333,"Marathon","Werte entfernt"
"VZS_MYTH_E","Mythenquai, Richtung Innenstadt",40373,40373.9895833333,"Installation","Werte entfernt"
"VZS_MYTH_E","Mythenquai, Richtung Innenstadt",40413,40443.9895833333,"Baustelleneinfluss","Werte entfernt"
"VZS_MYTH_E","Mythenquai, Richtung Innenstadt",40649,40650.9895833333,"Marathon","Werte entfernt"
"VZS_MYTH_E","Mythenquai, Richtung Innenstadt",40733,40734.9895833333,"Triathlon","Werte entfernt"
"VZS_MYTH_E","Mythenquai, Richtung Innenstadt",40752,40760.9895833333,"Geräteausfall","Werte entfernt"
"VZS_MYTH_E","Mythenquai, Richtung Innenstadt",41019,41022.9895833333,"Marathon","Werte entfernt"
"VZS_MYTH_E","Mythenquai, Richtung Innenstadt",41104,41105.9895833333,"Triathlon","Werte entfernt"
"VZS_MYTH_E","Mythenquai, Richtung Innenstadt",41369,41372.9895833333,"Marathon","Werte entfernt"
"VZS_MYTH_E","Mythenquai, Richtung Innenstadt",41460,41462.9895833333,"ZüriFäscht","Werte entfernt"
"VZS_MYTH_E","Mythenquai, Richtung Innenstadt",41734,41735.9895833333,"Marathon","Werte entfernt"
"VZS_SCHE_A","Scheuchzerstrasse, Richtung Irchel",40444,40444.9895833333,"Installation","Werte entfernt"
"VZS_SCHE_E","Scheuchzerstrasse, Richtung Innenstadt",40444,40444.9895833333,"Installation","Werte entfernt"
"VZS_SCHU_A","Schulstrasse, Richtung Bahnhof Oerlikon",41129,41129.9895833333,"Installation","Werte entfernt"
"VZS_SCHU_E","Schulstrasse, Richtung Irchel",41129,41129.9895833333,"Installation","Werte entfernt"
"VZS_SIHL_A","Sihlpromenade, Richtung Saalsporthalle",40373,40373.9895833333,"Installation","Werte entfernt"
"VZS_SIHL_A","Sihlpromenade, Richtung Saalsporthalle",40374,40484.9895833333,"Geräteausfall","Werte entfernt"
"VZS_SIHL_A","Sihlpromenade, Richtung Saalsporthalle",40524,40524.9895833333,"Geräteausfall","Werte entfernt"
"VZS_SIHL_A","Sihlpromenade, Richtung Saalsporthalle",40753,40763.9895833333,"Geräteausfall","Werte entfernt"
"VZS_SIHL_E","Sihlpromenade, Richtung Innenstadt",40373,40373.9895833333,"Installation","Werte entfernt"
"VZS_SIHL_E","Sihlpromenade, Richtung Innenstadt",40374,40484.9895833333,"Geräteausfall","Werte entfernt"
"VZS_SIHL_E","Sihlpromenade, Richtung Innenstadt",40524,40524.9895833333,"Geräteausfall","Werte entfernt"
"VZS_SIHL_E","Sihlpromenade, Richtung Innenstadt",40753,40763.9895833333,"Geräteausfall","Werte entfernt"
"VZS_TALS_A","Talstrasse, Richtung Seeufer",41755,41755.9895833333,"Zählung falsch","Werte entfernt"
"VZS_TALS_E","Talstrasse, Richtung Hauptbahnhof",41755,41755.9895833333,"Zählung falsch","Werte entfernt"
